{
  "onglets": 20,
  "coherence_issues": [],
  "stats": {
    "competences": 130,
    "profils_clients": 15,
    "types_contenus": 16,
    "evenements_cycle_vie": 23,
    "secteurs": 11,
    "champs_clients": 57,
    "champs_collaborateurs": 47,
    "variables_contexte": 20,
    "prompts_systeme": 3,
    "prompts_par_type": 11
  },
  "codes_references": {
    "competences": [
      "COMPTA-001",
      "COMPTA-002",
      "COMPTA-003",
      "COMPTA-004",
      "COMPTA-005",
      "COMPTA-006",
      "COMPTA-007",
      "COMPTA-008",
      "COMPTA-009",
      "COMPTA-010",
      "COMPTA-011",
      "COMPTA-012",
      "COMPTA-013",
      "COMPTA-014",
      "COMPTA-015",
      "COMPTA-016",
      "COMPTA-017",
      "COMPTA-018",
      "COMPTA-019",
      "COMPTA-020",
      "COMPTA-021",
      "COMPTA-022",
      "COMPTA-023",
      "FISC-001",
      "FISC-002",
      "FISC-003",
      "FISC-004",
      "FISC-005",
      "FISC-006",
      "FISC-007",
      "FISC-008",
      "FISC-009",
      "FISC-010",
      "FISC-011",
      "FISC-012",
      "FISC-013",
      "FISC-014",
      "FISC-015",
      "FISC-016",
      "FISC-017",
      "FISC-018",
      "FISC-019",
      "FISC-020",
      "FISC-021",
      "FISC-022",
      "FISC-023",
      "FISC-024",
      "FISC-025",
      "JURI-001",
      "JURI-002",
      "JURI-003",
      "JURI-004",
      "JURI-005",
      "JURI-006",
      "JURI-007",
      "JURI-008",
      "JURI-009",
      "JURI-010",
      "JURI-011",
      "JURI-012",
      "JURI-013",
      "JURI-014",
      "JURI-015",
      "JURI-016",
      "JURI-017",
      "JURI-018",
      "JURI-019",
      "OUTIL-001",
      "OUTIL-002",
      "OUTIL-003",
      "OUTIL-004",
      "OUTIL-005",
      "OUTIL-006",
      "OUTIL-007",
      "OUTIL-008",
      "OUTIL-009",
      "OUTIL-010",
      "OUTIL-011",
      "OUTIL-012",
      "OUTIL-013",
      "OUTIL-014",
      "OUTIL-015",
      "OUTIL-016",
      "OUTIL-017",
      "OUTIL-018",
      "OUTIL-019",
      "SOC-001",
      "SOC-002",
      "SOC-003",
      "SOC-004",
      "SOC-005",
      "SOC-006",
      "SOC-007",
      "SOC-008",
      "SOC-009",
      "SOC-010",
      "SOC-011",
      "SOC-012",
      "SOC-013",
      "SOC-014",
      "SOC-015",
      "SOC-016",
      "SOC-017",
      "SOC-018",
      "SOC-019",
      "SOC-020",
      "SOC-021",
      "SOC-022",
      "SOC-023",
      "SOC-024",
      "SOC-025",
      "SOC-026",
      "SOC-027",
      "SOC-028",
      "SOC-029",
      "SOC-030",
      "TRANS-001",
      "TRANS-002",
      "TRANS-003",
      "TRANS-004",
      "TRANS-005",
      "TRANS-006",
      "TRANS-007",
      "TRANS-008",
      "TRANS-009",
      "TRANS-010",
      "TRANS-011",
      "TRANS-012",
      "TRANS-013",
      "TRANS-014"
    ],
    "profils_clients": [
      "AGRICOLE",
      "ASSO_COMPLEXE",
      "ASSO_SIMPLE",
      "CHR",
      "GROUPE",
      "HOLDING",
      "INDEP_BIC",
      "INDEP_BNC",
      "MICRO",
      "PME_GENERALE",
      "SCI_COMPLEXE",
      "SCI_SIMPLE",
      "STARTUP",
      "TPE_BTP",
      "TPE_COMMERCE"
    ],
    "types_contenus": [
      "ALERT",
      "CAS",
      "CHECK",
      "DASHBOARD",
      "FAQ",
      "FORM",
      "GLOSSAIRE",
      "GUIDE",
      "MAIL",
      "MEMO",
      "OFFBOARD",
      "ONBOARD",
      "PROC",
      "SCRIPT",
      "TEMPLATE",
      "VEILLE"
    ],
    "evenements": [],
    "secteurs": [
      "AGRI",
      "ASSO",
      "BTP",
      "CHR",
      "COMMERCE",
      "HOLDING",
      "IMMO",
      "LIBERAL",
      "MEDICAL",
      "STARTUP",
      "TRANSPORT"
    ]
  }
}